id,t0,t1,dur,rms_db,peak_db,f_peak,f_lo,f_hi,centroid,bandwidth,flatness,f0_med,f0_min,f0_max,sweep_st,span_st,f0_conf,shape,am_rate,am_depth
0,0.8827,0.9947,0.112,-39.38,-18.58,1031.2,796.9,5531.2,1575.4,1612.7,9e-05,1030.0,1030.0,1126.0,-0.1,1.54,7.88,complex,15.7,0.259
1,1.1013,1.2907,0.1893,-45.27,-31.48,1125.0,1031.2,8343.8,3167.2,2587.9,0.00129,1126.0,796.0,1690.0,6.77,13.03,12.18,arch,18.3,-0.008
2,1.3787,1.856,0.4773,-42.08,-27.16,1828.1,1265.6,8343.8,3466.8,2322.8,0.0002,1828.0,718.0,3748.0,0.17,28.61,6.67,arch,0.0,0.0
3,2.5173,2.784,0.2667,-45.32,-31.86,1171.9,984.4,8062.5,2421.3,2281.6,0.00033,1216.0,1030.0,1402.0,0.19,5.34,17.17,arch,0.0,0.0
4,3.072,3.432,0.36,-34.64,-24.38,1781.2,1359.4,6515.6,2789.0,1757.5,0.00025,1498.0,856.0,2062.0,6.8,15.22,16.55,arch,10.0,0.063
5,3.6933,3.768,0.0747,-44.76,-32.59,1546.9,1406.2,6937.5,3101.6,1995.5,0.00108,1486.0,766.0,1546.0,-8.07,12.16,10.2,fall,153.8,0.541
6,4.104,4.3147,0.2107,-37.01,-23.98,2109.4,1312.5,5906.2,2702.3,1536.3,0.00026,1780.0,718.0,2110.0,5.51,18.66,7.97,arch,87.0,0.478
7,4.4,4.616,0.216,-42.31,-27.78,1781.2,1265.6,5812.5,2814.4,1579.1,9e-05,1828.0,724.0,3748.0,1.38,28.46,6.77,v,150.0,0.424
8,4.992,5.688,0.696,-40.5,-23.56,1875.0,1031.2,6656.2,2857.3,1850.9,0.00016,1828.0,706.0,2416.0,8.08,21.3,5.99,arch,0.0,0.0
9,6.352,6.4373,0.0853,-45.6,-35.47,1218.8,937.5,7359.4,2349.9,2278.0,0.00045,1216.0,940.0,1876.0,6.69,11.96,11.97,rise,34.5,0.116
10,6.568,7.2693,0.7013,-35.72,-15.04,1828.1,937.5,6375.0,2469.7,1819.4,0.0002,1636.0,772.0,2224.0,-7.3,18.32,6.77,rise,37.7,0.31
11,7.5253,7.584,0.0587,-45.22,-34.54,1546.9,1453.1,8671.9,3377.0,2339.0,0.00139,1711.0,760.0,1966.0,0.37,16.45,6.76,v,28.8,0.107
12,8.0187,8.1173,0.0987,-42.54,-26.27,1218.8,937.5,6562.5,2367.4,1992.1,0.00105,979.0,790.0,1966.0,-12.02,15.78,7.01,fall,24.8,0.121
13,8.6187,8.9467,0.328,-34.18,-23.21,2015.6,984.4,6046.9,2523.3,1711.9,0.00014,1450.0,700.0,2062.0,-5.22,18.7,12.38,fall,29.7,0.021
14,9.1413,10.408,1.2667,-34.03,-17.94,1218.8,937.5,7265.6,2731.6,1983.8,5e-05,1078.0,700.0,2110.0,3.85,19.1,4.91,complex,58.3,0.214
15,10.7707,11.0507,0.28,-33.28,-22.44,1875.0,1453.1,7406.2,3059.3,1915.3,0.00024,1522.0,736.0,2254.0,7.39,19.38,13.96,arch,14.6,0.006
16,11.2373,11.32,0.0827,-40.75,-28.66,1781.2,1312.5,6234.4,2957.1,1724.8,0.00119,892.0,736.0,2206.0,17.21,19.0,8.57,rise,34.5,0.084
17,11.456,11.64,0.184,-36.33,-19.17,2062.5,937.5,5156.2,2221.9,1545.6,0.00011,2014.0,982.0,2134.0,-12.33,13.44,13.11,fall,88.2,0.209
18,11.7093,11.776,0.0667,-37.54,-22.71,1031.2,890.6,3234.4,1517.9,1473.7,0.00084,1030.0,988.0,1222.0,-2.53,3.68,13.12,fall,166.7,0.305
19,12.0347,12.168,0.1333,-37.06,-25.28,2062.5,1312.5,5578.1,2660.8,1591.0,0.00059,2038.0,700.0,2110.0,14.51,19.1,7.0,arch,60.6,0.227
20,12.464,12.8293,0.3653,-32.75,-22.51,1781.2,1406.2,6140.6,2616.2,1584.9,0.00021,1780.0,730.0,2158.0,6.27,18.76,17.07,arch,10.7,0.139
21,13.1413,13.312,0.1707,-37.08,-25.98,1781.2,1312.5,5953.1,2715.3,1573.5,0.00024,1780.0,748.0,2158.0,0.36,18.34,6.17,arch,16.6,-0.059
22,13.3867,13.6133,0.2267,-40.54,-26.57,1828.1,1078.1,5812.5,2533.4,1591.4,0.00026,1780.0,748.0,2296.0,0.91,19.42,7.66,fall,15.2,0.033
23,13.6613,14.256,0.5947,-46.05,-32.26,1265.6,890.6,6750.0,1897.7,1922.9,0.00011,1222.0,832.0,1450.0,-6.99,9.62,9.58,complex,10.2,0.114
24,14.3253,14.5147,0.1893,-49.54,-37.43,1125.0,890.6,5203.1,1985.5,1772.3,0.00027,1216.0,748.0,1594.0,-1.45,13.1,8.61,rise,16.1,0.16
25,14.632,14.824,0.192,-46.8,-33.67,1125.0,843.8,7406.2,2291.2,2318.6,0.00102,1078.0,772.0,1690.0,-7.17,13.56,11.03,fall,39.7,0.175
26,15.136,15.1947,0.0587,-50.62,-36.42,3140.6,1125.0,8531.2,4049.5,2241.1,0.00059,1360.0,922.0,3184.0,-5.53,21.46,4.42,arch,43.5,0.145
27,15.3307,15.3867,0.056,-51.94,-39.93,1125.0,1078.1,8906.2,4328.8,2335.9,0.00143,1126.0,1036.0,4642.0,-0.38,25.96,4.39,fall,46.2,0.072
28,16.2133,16.3413,0.128,-45.73,-33.0,3843.8,1921.9,8296.9,4321.3,1956.3,0.00118,3472.0,1138.0,3844.0,-0.89,21.07,4.15,rise,11.5,0.121
29,16.4053,16.464,0.0587,-48.4,-36.37,3890.6,2203.1,7640.6,4436.4,1712.8,0.0002,3469.0,1942.0,3892.0,-0.93,12.04,3.69,v,60.6,0.079
30,16.528,16.6933,0.1653,-44.32,-31.55,3656.2,2390.6,7921.9,4152.1,1763.8,0.00127,3562.0,1216.0,4030.0,-1.68,20.74,4.59,rise,11.0,0.158
31,16.8107,17.112,0.3013,-35.94,-23.72,2062.5,1406.2,6703.1,3103.2,1831.5,3e-05,1537.0,700.0,2206.0,7.99,19.87,8.15,complex,9.8,0.151
32,17.2187,17.7253,0.5067,-40.31,-27.98,2062.5,1406.2,6750.0,3220.5,1760.2,7e-05,1924.0,700.0,4036.0,-5.66,30.33,6.67,rise,98.4,0.467
33,17.9147,17.9867,0.072,-50.55,-38.79,3609.4,2250.0,7265.6,4118.7,1584.3,0.00072,3328.0,1204.0,3934.0,-2.19,20.5,4.21,v,23.8,0.034
34,18.6347,19.5253,0.8907,-41.84,-25.74,1781.2,1171.9,6703.1,3158.8,1729.6,0.00018,1504.0,706.0,3892.0,9.93,29.55,6.26,rise,0.0,0.0
35,19.6613,19.776,0.1147,-49.99,-37.95,4078.1,1593.8,7734.4,3878.2,1608.5,0.00093,4078.0,760.0,4456.0,-20.3,30.62,5.74,arch,19.3,-0.143
36,20.2373,20.424,0.1867,-48.36,-38.35,1078.1,984.4,6515.6,1816.4,1923.5,0.00019,1078.0,982.0,1312.0,2.26,5.02,26.29,rise,17.3,-0.123
37,20.6693,20.984,0.3147,-34.4,-22.79,1875.0,1406.2,7218.8,3166.4,1864.3,0.00022,1828.0,766.0,2248.0,7.99,18.64,8.35,arch,9.6,0.117
38,21.1573,21.5333,0.376,-46.7,-30.66,1687.5,1265.6,6234.4,3127.2,1680.0,0.00033,886.0,766.0,2158.0,16.12,17.93,5.77,rise,146.3,0.503
39,21.752,21.9813,0.2293,-43.13,-31.37,1359.4,1125.0,6421.9,2631.8,1674.4,8e-05,1021.0,700.0,1924.0,-6.21,17.5,6.75,fall,10.7,0.027
40,22.1067,22.2053,0.0987,-47.03,-36.74,1593.8,1265.6,5718.8,2336.8,1541.4,0.00045,1546.0,754.0,1642.0,0.53,13.47,11.89,rise,162.2,0.506
41,22.3653,22.88,0.5147,-36.62,-25.69,1687.5,1359.4,7687.5,3115.2,2114.7,0.00022,1732.0,700.0,2152.0,8.48,19.44,13.54,arch,125.0,0.773
42,23.064,23.5787,0.5147,-41.3,-26.78,1781.2,1265.6,6562.5,2838.5,1718.8,0.00023,1780.0,730.0,2248.0,18.38,19.47,6.02,rise,0.0,0.0
43,24.824,25.376,0.552,-41.1,-25.72,1781.2,1359.4,6843.8,3046.0,1723.0,0.00025,1780.0,754.0,3934.0,11.18,28.6,6.89,fall,0.0,0.0
44,25.5013,25.6907,0.1893,-52.91,-38.51,3843.8,2250.0,7968.8,4262.3,1871.3,0.00117,2956.0,1876.0,3940.0,2.48,12.85,4.4,v,15.3,0.023
45,25.9733,26.2373,0.264,-42.72,-30.05,1171.9,1078.1,7078.1,2528.4,1992.3,0.00072,1216.0,700.0,1546.0,1.48,13.72,10.29,complex,0.0,0.0
46,26.6533,27.048,0.3947,-32.72,-24.13,1687.5,1312.5,6328.1,2751.8,1760.1,2e-05,1690.0,748.0,2092.0,7.42,17.81,17.29,arch,122.4,0.77
47,27.2907,27.88,0.5893,-42.07,-26.67,1687.5,1171.9,6328.1,2735.5,1649.8,0.00053,1732.0,718.0,2110.0,8.5,18.66,6.82,rise,0.0,0.0
48,28.656,29.5707,0.9147,-42.88,-25.96,2156.2,1171.9,6562.5,2914.8,1727.9,0.00022,1174.0,730.0,2296.0,11.29,19.84,6.65,arch,0.0,0.0
49,30.1627,30.4267,0.264,-45.09,-32.98,1218.8,1078.1,6328.1,2578.3,1882.9,0.00041,1360.0,700.0,1924.0,0.69,17.5,9.64,arch,10.4,0.098
50,30.568,30.6267,0.0587,-53.57,-40.42,1218.8,1125.0,6000.0,2666.9,1950.6,0.00126,1246.0,1126.0,1324.0,1.03,2.8,10.43,complex,34.1,0.097
51,30.672,30.9787,0.3067,-34.43,-22.66,1828.1,1406.2,6703.1,2970.8,1769.0,0.00015,1828.0,736.0,2254.0,7.99,19.38,9.31,arch,0.0,0.0
52,31.136,31.2587,0.1227,-43.24,-29.82,1687.5,1593.8,6281.2,3182.6,1573.5,8e-05,844.0,736.0,2062.0,0.16,17.84,6.43,v,157.9,0.53
53,31.3307,31.4987,0.168,-45.1,-35.06,1828.1,1218.8,6140.6,2966.0,1722.6,0.00043,1780.0,1078.0,1828.0,6.53,9.14,8.47,arch,153.8,0.681
54,31.5787,31.7893,0.2107,-38.66,-26.61,2062.5,1171.9,6468.8,2780.1,1701.5,0.00029,1690.0,700.0,2110.0,0.0,19.1,7.49,arch,0.0,0.0
55,31.904,32.0053,0.1013,-43.91,-29.76,1687.5,1265.6,6281.2,2901.5,1733.8,0.00037,1186.0,820.0,2128.0,12.64,16.51,6.88,rise,171.4,0.564
56,32.3893,33.0347,0.6453,-34.88,-23.68,1593.8,1312.5,6656.2,2897.6,1780.7,0.00013,1591.0,736.0,2344.0,9.64,20.05,12.39,arch,98.4,0.441
57,33.1147,33.216,0.1013,-39.83,-26.79,3937.5,1875.0,8296.9,4243.3,1972.0,0.0007,3988.0,3844.0,4078.0,-0.21,1.02,8.2,flat,38.2,0.093
58,33.3733,33.544,0.1707,-40.73,-27.39,3890.6,2437.5,8484.4,4879.8,1917.5,0.00021,3517.0,1810.0,4828.0,8.94,16.99,5.53,arch,150.0,0.471
59,33.7333,33.9067,0.1733,-41.72,-29.37,1078.1,1078.1,7687.5,4115.7,2180.8,0.00042,1360.0,982.0,3982.0,-7.6,24.24,6.41,rise,28.0,0.1
60,34.064,34.2133,0.1493,-40.47,-29.49,3890.6,2531.2,7781.2,4116.1,1550.8,0.00025,3892.0,940.0,4036.0,3.71,25.23,7.85,rise,9.6,0.045
61,34.5173,34.984,0.4667,-36.5,-24.68,1593.8,1265.6,6656.2,2956.5,1820.8,9e-05,1408.0,772.0,3652.0,-10.47,26.9,12.17,fall,200.0,0.586
62,35.3093,35.5067,0.1973,-41.77,-30.46,1500.0,1125.0,6796.9,2747.1,1986.4,0.00037,1441.0,700.0,4408.0,24.19,31.86,9.0,rise,12.4,0.084
63,35.568,35.792,0.224,-41.06,-29.29,2109.4,1546.9,5765.6,3249.1,1540.8,0.00048,2062.0,706.0,4030.0,1.74,30.16,7.09,v,15.6,0.146
64,35.8453,35.9973,0.152,-41.79,-28.05,3796.9,2296.9,7078.1,3936.6,1486.6,0.00088,3166.0,760.0,4030.0,0.0,28.88,3.83,rise,17.8,-0.006
65,36.112,36.3173,0.2053,-38.7,-26.76,1687.5,1218.8,6328.1,3073.5,1678.8,6e-05,1360.0,814.0,2062.0,6.53,16.09,5.76,fall,11.4,-0.064
66,36.5787,36.8907,0.312,-32.4,-19.85,1875.0,1406.2,6796.9,3071.6,1804.1,0.00045,1546.0,790.0,2248.0,6.8,18.1,9.61,arch,0.0,0.0
67,37.0213,37.1547,0.1333,-40.68,-27.1,1781.2,1593.8,6093.8,3204.5,1627.7,0.00036,886.0,736.0,2158.0,15.99,18.62,6.52,rise,28.0,0.04
68,37.208,37.5733,0.3653,-39.68,-26.71,1921.9,1265.6,6234.4,2913.6,1665.4,8e-05,1918.0,736.0,2200.0,1.25,18.96,7.75,fall,9.8,-0.037
69,37.656,37.928,0.272,-46.29,-30.71,1171.9,1125.0,6234.4,2790.4,1763.4,0.00014,1687.0,736.0,2200.0,-5.54,18.96,5.85,v,193.5,0.545
70,38.3787,39.104,0.7253,-41.8,-26.35,1828.1,1171.9,6843.8,3002.2,1875.9,0.00034,1216.0,706.0,2206.0,9.81,19.72,8.01,fall,130.4,0.52
71,39.496,39.5547,0.0587,-61.99,-49.38,1640.6,1078.1,8531.2,2515.5,2158.0,9e-05,1546.0,1078.0,1684.0,0.76,7.72,11.25,v,136.4,0.485
72,39.7813,40.0667,0.2853,-45.09,-31.66,1171.9,1031.2,6000.0,2106.8,1640.4,0.00035,1216.0,940.0,1594.0,0.72,9.14,12.26,arch,11.0,0.118
73,40.3173,40.6907,0.3733,-34.32,-21.5,2062.5,1359.4,6421.9,2854.8,1684.2,0.00016,1642.0,748.0,2206.0,-4.7,18.72,8.69,arch,0.0,0.0
74,40.816,40.9493,0.1333,-43.44,-29.99,2015.6,1500.0,6234.4,3051.0,1606.1,0.00033,796.0,718.0,2086.0,12.65,18.46,7.16,v,157.9,0.48
75,40.9867,41.1893,0.2027,-50.16,-39.96,1687.5,1125.0,6187.5,2723.9,1755.1,0.00044,1642.0,1054.0,2104.0,11.23,11.97,8.46,arch,187.5,0.627
76,41.4027,41.6613,0.2587,-43.96,-30.7,1218.8,1078.1,6328.1,2556.8,1864.8,0.00063,1360.0,700.0,2098.0,1.33,19.0,10.23,arch,12.4,0.174
77,41.8053,42.416,0.6107,-37.43,-22.87,2062.5,1265.6,6468.8,2912.3,1759.2,7e-05,1498.0,736.0,2200.0,7.62,18.96,11.22,arch,0.0,0.0
78,42.6347,42.768,0.1333,-45.75,-31.5,1968.8,1265.6,6000.0,2704.5,1610.3,0.00013,1966.0,958.0,1990.0,-11.96,12.66,9.98,fall,166.7,0.821
79,42.808,43.12,0.312,-44.15,-31.15,1171.9,1078.1,6140.6,2264.4,1762.0,0.00035,1222.0,1030.0,1456.0,2.09,5.99,12.36,rise,9.6,0.155
80,43.2587,43.352,0.0933,-50.31,-37.0,1218.8,1078.1,6187.5,2295.1,1913.9,0.00077,1174.0,1126.0,1360.0,0.09,3.27,13.56,complex,9.9,0.074
81,43.576,43.672,0.096,-59.87,-50.91,1218.8,1078.1,8390.6,2074.7,2267.2,0.00029,1174.0,1126.0,1222.0,0.72,1.42,28.73,complex,9.7,0.124
82,44.1067,44.8613,0.7547,-40.94,-25.27,1218.8,1125.0,6750.0,2841.4,1820.5,0.00013,1216.0,712.0,2344.0,10.87,20.63,8.52,arch,0.0,0.0
83,45.6,45.9067,0.3067,-43.8,-30.92,1171.9,1031.2,6046.9,2258.2,1777.8,0.0003,1174.0,700.0,1546.0,1.48,13.72,11.73,rise,0.0,0.0
84,46.0827,46.1387,0.056,-62.28,-51.44,1359.4,937.5,6890.6,2206.1,2073.8,0.00041,1216.0,952.0,1456.0,1.11,7.36,12.79,rise,30.8,-0.002
85,46.3733,46.8427,0.4693,-41.68,-28.87,1453.1,1171.9,7031.2,2963.7,2015.8,0.00029,1450.0,778.0,1942.0,8.84,15.84,12.03,rise,0.0,0.0
86,47.0267,47.6133,0.5867,-42.68,-27.19,1781.2,1171.9,6515.6,2807.6,1688.3,0.00019,1246.0,718.0,2158.0,7.06,19.05,6.0,arch,0.0,0.0
87,48.3733,48.432,0.0587,-59.15,-47.12,1218.8,843.8,5062.5,1708.8,2022.9,0.00088,1120.0,892.0,1264.0,-5.13,6.03,14.89,fall,30.2,-0.038
88,48.768,49.6987,0.9307,-37.88,-22.35,2062.5,1312.5,6421.9,2950.7,1659.6,0.00014,1546.0,736.0,2248.0,12.07,19.33,5.62,fall,0.0,0.0
89,50.664,51.4507,0.7867,-43.53,-26.72,2062.5,1078.1,6375.0,2721.7,1711.8,5e-05,1054.0,742.0,2248.0,8.93,19.19,6.21,arch,0.0,0.0
90,52.168,52.4747,0.3067,-49.97,-37.34,1078.1,984.4,5953.1,2159.1,1729.1,0.00021,1126.0,982.0,3514.0,21.52,22.07,14.8,rise,14.2,0.047
91,52.64,52.9707,0.3307,-36.16,-22.11,1828.1,1406.2,6515.6,3023.5,1717.4,1e-05,1450.0,736.0,2200.0,8.62,18.96,7.37,arch,113.2,0.639
92,53.136,53.496,0.36,-46.1,-29.14,2156.2,1453.1,6281.2,3053.7,1627.5,0.00018,1477.0,730.0,2158.0,12.44,18.76,6.52,v,187.5,0.619
93,53.6933,53.92,0.2267,-39.53,-29.36,1546.9,1078.1,6281.2,2446.2,1732.2,0.00024,1546.0,772.0,2110.0,0.09,17.41,10.52,arch,0.0,0.0
94,54.0293,54.1307,0.1013,-50.26,-37.05,1453.1,1078.1,6843.8,2803.7,1958.3,0.00018,1450.0,700.0,2110.0,4.29,19.1,6.32,v,181.8,0.478
95,54.2533,54.648,0.3947,-32.96,-20.67,1781.2,1312.5,6515.6,2779.1,1746.3,0.0001,1780.0,748.0,2200.0,7.98,18.68,14.74,arch,10.6,0.197
96,54.8747,55.5787,0.704,-40.67,-25.57,1687.5,1171.9,6234.4,2707.2,1681.7,0.00015,1642.0,718.0,2200.0,-4.86,19.39,8.99,fall,0.0,0.0
97,55.96,56.0507,0.0907,-70.0,-56.72,2109.4,1218.8,9421.9,3611.4,2373.1,0.00104,2104.0,898.0,2770.0,-14.17,19.5,9.1,fall,18.4,0.126
98,56.1013,56.168,0.0667,-71.48,-59.92,1078.1,937.5,9328.1,3574.0,2547.7,0.00153,1036.0,868.0,3514.0,4.93,24.21,4.4,rise,36.6,0.093
99,56.2267,56.3093,0.0827,-69.08,-57.34,2203.1,1171.9,9562.5,3578.4,2681.1,0.02431,2074.0,1096.0,2248.0,-4.85,12.44,10.8,fall,18.0,0.01
